{
  "num_lines": 1019,
  "num_parsed": 1019,
  "parse_failure_rate": 0.0,
  "element_accuracy": 0.14327772325809618,
  "action_accuracy": 0.868421052631579,
  "exact_match": 0.13995215311004786,
  "top_3_element_accuracy": 0.42198233562315995,
  "mrr": 0.35348029405252424,
  "per_action": {
    "HOVER": {
      "precision": 0.2,
      "recall": 0.85,
      "f1": 0.3238095238095238,
      "support": 20
    },
    "CLICK": {
      "precision": 0.8025114155251142,
      "recall": 0.8722084367245657,
      "f1": 0.835909631391201,
      "support": 806
    },
    "SELECT": {
      "precision": 0.0,
      "recall": 0.0,
      "f1": 0.0,
      "support": 3
    },
    "TYPE": {
      "precision": 0.10344827586206896,
      "recall": 0.8571428571428571,
      "f1": 0.1846153846153846,
      "support": 7
    }
  },
  "task_success_rate": 0.1393523061825319
}