{
  "num_lines": 1019,
  "num_parsed": 1019,
  "parse_failure_rate": 0.0,
  "element_accuracy": 0.27085377821393525,
  "action_accuracy": 0.9366028708133971,
  "exact_match": 0.2332535885167464,
  "top_3_element_accuracy": 0.0,
  "mrr": 0.0,
  "per_action": {
    "SELECT": {
      "precision": 0.2,
      "recall": 0.6666666666666666,
      "f1": 0.30769230769230765,
      "support": 3
    },
    "CLICK": {
      "precision": 0.7924335378323109,
      "recall": 0.9615384615384616,
      "f1": 0.8688340807174889,
      "support": 806
    },
    "HOVER": {
      "precision": 0.14285714285714285,
      "recall": 0.15,
      "f1": 0.14634146341463414,
      "support": 20
    },
    "TYPE": {
      "precision": 0.3,
      "recall": 0.42857142857142855,
      "f1": 0.3529411764705882,
      "support": 7
    }
  },
  "task_success_rate": 0.26005888125613347
}