{
  "num_lines": 1019,
  "num_parsed": 1019,
  "parse_failure_rate": 0.0,
  "element_accuracy": 0.0,
  "action_accuracy": 0.688298918387414,
  "exact_match": 0.0,
  "top_3_element_accuracy": 0.42198233562315995,
  "mrr": 0.35348029405252424,
  "per_action": {
    "SELECT": {
      "precision": 0.11864406779661017,
      "recall": 0.09859154929577464,
      "f1": 0.1076923076923077,
      "support": 71
    },
    "CLICK": {
      "precision": 0.8021712907117008,
      "recall": 0.825062034739454,
      "f1": 0.8134556574923547,
      "support": 806
    },
    "TYPE": {
      "precision": 0.24347826086956523,
      "recall": 0.23140495867768596,
      "f1": 0.23728813559322035,
      "support": 121
    },
    "HOVER": {
      "precision": 0.0,
      "recall": 0.0,
      "f1": 0.0,
      "support": 20
    }
  },
  "task_success_rate": 0.1393523061825319
}